2012-06-08,2456086.987,7.987,V,11.300000190734863,0.0900000035762786,AAVSO,
2012-06-08,2456086.991,7.991,B,12.800000190734863,0.2000000029802322,AAVSO,
2012-06-09,2456087.004,8.004,V,11.300000190734863,0.0299999993294477,AAVSO,
2012-06-09,2456087.006,8.006,V,11.3100004196167,0.0299999993294477,AAVSO,
2012-06-09,2456087.864,8.864,V,11.100000381469728,0.0299999993294477,AAVSO,
2012-06-10,2456088.006,9.006,B,13.050000190734863,0.0099999997764825,AAVSO,
2012-06-10,2456088.007,9.007,B,13.039999961853027,0.0099999997764825,AAVSO,
2012-06-10,2456088.009,9.009,B,13.039999961853027,0.0099999997764825,AAVSO,
2012-06-10,2456088.012,9.012,V,10.979999542236328,0.0099999997764825,AAVSO,
2012-06-10,2456088.014,9.014,V,10.970000267028809,0.0099999997764825,AAVSO,
2012-06-10,2456088.016,9.016,V,10.970000267028809,0.0099999997764825,AAVSO,
2012-06-10,2456088.09,9.09,B,12.829999923706056,0.0099999997764825,AAVSO,
2012-06-10,2456088.091,9.091,V,11.130000114440918,0.0,AAVSO,
2012-06-10,2456088.092,9.092,V,11.109999656677246,0.0,AAVSO,
2012-06-10,2456088.092,9.092,V,11.119999885559082,0.0,AAVSO,
2012-06-10,2456088.093,9.093,V,11.109999656677246,0.0,AAVSO,
2012-06-10,2456088.093,9.093,V,11.109999656677246,0.0,AAVSO,
2012-06-10,2456088.093,9.093,V,11.109999656677246,0.0,AAVSO,
2012-06-10,2456088.094,9.094,V,11.119999885559082,0.0,AAVSO,
2012-06-10,2456088.094,9.094,V,11.119999885559082,0.0,AAVSO,
2012-06-10,2456088.095,9.095,V,11.119999885559082,0.0,AAVSO,
2012-06-10,2456088.095,9.095,V,11.119999885559082,0.0,AAVSO,
2012-06-10,2456088.095,9.095,V,11.130000114440918,0.0,AAVSO,
2012-06-10,2456088.096,9.096,V,11.119999885559082,0.0,AAVSO,
2012-06-10,2456088.096,9.096,V,11.119999885559082,0.0,AAVSO,
2012-06-10,2456088.097,9.097,V,11.100000381469728,0.0,AAVSO,
2012-06-10,2456088.097,9.097,V,11.119999885559082,0.0,AAVSO,
2012-06-10,2456088.098,9.098,V,11.119999885559082,0.0,AAVSO,
2012-06-10,2456088.098,9.098,V,11.109999656677246,0.0,AAVSO,
2012-06-10,2456088.099,9.099,V,11.130000114440918,0.0,AAVSO,
2012-06-10,2456088.1,9.1,V,11.119999885559082,0.0,AAVSO,
2012-06-10,2456088.1,9.1,V,11.119999885559082,0.0,AAVSO,
2012-06-10,2456088.1,9.1,V,11.109999656677246,0.0,AAVSO,
2012-06-10,2456088.101,9.101,V,11.109999656677246,0.0,AAVSO,
2012-06-10,2456088.101,9.101,V,11.109999656677246,0.0,AAVSO,
2012-06-10,2456088.102,9.102,V,11.109999656677246,0.0,AAVSO,
2012-06-10,2456088.102,9.102,V,11.119999885559082,0.0,AAVSO,
2012-06-10,2456088.102,9.102,V,11.119999885559082,0.0,AAVSO,
2012-06-10,2456088.103,9.103,V,11.109999656677246,0.0,AAVSO,
2012-06-10,2456088.103,9.103,V,11.100000381469728,0.0,AAVSO,
2012-06-10,2456088.104,9.104,V,11.109999656677246,0.0,AAVSO,
2012-06-10,2456088.104,9.104,V,11.119999885559082,0.0,AAVSO,
2012-06-10,2456088.104,9.104,V,11.119999885559082,0.0,AAVSO,
2012-06-10,2456088.105,9.105,V,11.109999656677246,0.0,AAVSO,
2012-06-10,2456088.105,9.105,V,11.119999885559082,0.0,AAVSO,
2012-06-10,2456088.106,9.106,V,11.119999885559082,0.0,AAVSO,
2012-06-10,2456088.106,9.106,V,11.119999885559082,0.0,AAVSO,
2012-06-10,2456088.107,9.107,V,11.119999885559082,0.0,AAVSO,
2012-06-10,2456088.107,9.107,V,11.119999885559082,0.0,AAVSO,
2012-06-10,2456088.107,9.107,V,11.109999656677246,0.0,AAVSO,
2012-06-10,2456088.108,9.108,V,11.119999885559082,0.0,AAVSO,
2012-06-10,2456088.108,9.108,V,11.109999656677246,0.0,AAVSO,
2012-06-10,2456088.109,9.109,V,11.130000114440918,0.0,AAVSO,
2012-06-10,2456088.109,9.109,V,11.130000114440918,0.0,AAVSO,
2012-06-10,2456088.109,9.109,V,11.119999885559082,0.0,AAVSO,
2012-06-10,2456088.11,9.11,V,11.119999885559082,0.0,AAVSO,
2012-06-10,2456088.11,9.11,V,11.109999656677246,0.0,AAVSO,
2012-06-10,2456088.111,9.111,V,11.109999656677246,0.0,AAVSO,
2012-06-10,2456088.111,9.111,V,11.119999885559082,0.0,AAVSO,
2012-06-10,2456088.111,9.111,V,11.119999885559082,0.0,AAVSO,
2012-06-10,2456088.112,9.112,V,11.119999885559082,0.0099999997764825,AAVSO,
2012-06-10,2456088.112,9.112,V,11.119999885559082,0.0099999997764825,AAVSO,
2012-06-10,2456088.131,9.131,V,11.09000015258789,0.0,AAVSO,
2012-06-10,2456088.132,9.132,V,11.079999923706056,0.0,AAVSO,
2012-06-10,2456088.132,9.132,V,11.079999923706056,0.0,AAVSO,
2012-06-10,2456088.132,9.132,V,11.079999923706056,0.0,AAVSO,
2012-06-10,2456088.133,9.133,V,11.09000015258789,0.0,AAVSO,
2012-06-10,2456088.133,9.133,V,11.06999969482422,0.0,AAVSO,
2012-06-10,2456088.134,9.134,V,11.079999923706056,0.0,AAVSO,
2012-06-10,2456088.134,9.134,V,11.079999923706056,0.0,AAVSO,
2012-06-10,2456088.134,9.134,V,11.09000015258789,0.0,AAVSO,
2012-06-10,2456088.135,9.135,V,11.079999923706056,0.0,AAVSO,
2012-06-10,2456088.135,9.135,V,11.079999923706056,0.0,AAVSO,
2012-06-10,2456088.136,9.136,V,11.09000015258789,0.0,AAVSO,
2012-06-10,2456088.136,9.136,V,11.09000015258789,0.0,AAVSO,
2012-06-10,2456088.136,9.136,V,11.079999923706056,0.0,AAVSO,
2012-06-10,2456088.137,9.137,V,11.09000015258789,0.0,AAVSO,
2012-06-10,2456088.137,9.137,V,11.079999923706056,0.0,AAVSO,
2012-06-10,2456088.138,9.138,V,11.09000015258789,0.0,AAVSO,
2012-06-10,2456088.138,9.138,V,11.09000015258789,0.0,AAVSO,
2012-06-10,2456088.138,9.138,V,11.06999969482422,0.0,AAVSO,
2012-06-10,2456088.139,9.139,V,11.09000015258789,0.0,AAVSO,
2012-06-10,2456088.139,9.139,V,11.079999923706056,0.0,AAVSO,
2012-06-10,2456088.14,9.14,V,11.079999923706056,0.0,AAVSO,
2012-06-10,2456088.14,9.14,V,11.09000015258789,0.0,AAVSO,
2012-06-10,2456088.141,9.141,V,11.079999923706056,0.0,AAVSO,
2012-06-10,2456088.141,9.141,V,11.09000015258789,0.0,AAVSO,
2012-06-10,2456088.141,9.141,V,11.06999969482422,0.0,AAVSO,
2012-06-10,2456088.142,9.142,V,11.079999923706056,0.0,AAVSO,
2012-06-10,2456088.142,9.142,V,11.09000015258789,0.0,AAVSO,
2012-06-10,2456088.143,9.143,V,11.079999923706056,0.0,AAVSO,
2012-06-10,2456088.143,9.143,V,11.06999969482422,0.0,AAVSO,
2012-06-10,2456088.143,9.143,V,11.079999923706056,0.0,AAVSO,
2012-06-10,2456088.144,9.144,V,11.079999923706056,0.0,AAVSO,
2012-06-10,2456088.144,9.144,V,11.09000015258789,0.0,AAVSO,
2012-06-10,2456088.145,9.145,V,11.079999923706056,0.0,AAVSO,
2012-06-10,2456088.145,9.145,V,11.079999923706056,0.0,AAVSO,
2012-06-10,2456088.145,9.145,V,11.079999923706056,0.0,AAVSO,
2012-06-10,2456088.146,9.146,V,11.079999923706056,0.0,AAVSO,
2012-06-10,2456088.146,9.146,V,11.079999923706056,0.0,AAVSO,
2012-06-10,2456088.147,9.147,V,11.079999923706056,0.0,AAVSO,
2012-06-10,2456088.147,9.147,V,11.06999969482422,0.0,AAVSO,
2012-06-10,2456088.147,9.147,V,11.079999923706056,0.0,AAVSO,
2012-06-10,2456088.148,9.148,V,11.079999923706056,0.0,AAVSO,
2012-06-10,2456088.148,9.148,V,11.079999923706056,0.0,AAVSO,
2012-06-10,2456088.149,9.149,V,11.079999923706056,0.0,AAVSO,
2012-06-10,2456088.149,9.149,V,11.079999923706056,0.0,AAVSO,
2012-06-10,2456088.149,9.149,V,11.079999923706056,0.0,AAVSO,
2012-06-10,2456088.15,9.15,V,11.09000015258789,0.0,AAVSO,
2012-06-10,2456088.15,9.15,V,11.079999923706056,0.0,AAVSO,
2012-06-10,2456088.151,9.151,V,11.079999923706056,0.0,AAVSO,
2012-06-10,2456088.151,9.151,V,11.079999923706056,0.0,AAVSO,
2012-06-10,2456088.151,9.151,V,11.079999923706056,0.0,AAVSO,
2012-06-10,2456088.152,9.152,V,11.06999969482422,0.0,AAVSO,
2012-06-10,2456088.152,9.152,V,11.079999923706056,0.0,AAVSO,
2012-06-10,2456088.153,9.153,V,11.079999923706056,0.0,AAVSO,
2012-06-10,2456088.153,9.153,V,11.06999969482422,0.0,AAVSO,
2012-06-10,2456088.154,9.154,V,11.079999923706056,0.0,AAVSO,
2012-06-10,2456088.154,9.154,V,11.06999969482422,0.0,AAVSO,
2012-06-10,2456088.154,9.154,V,11.079999923706056,0.0,AAVSO,
2012-06-10,2456088.155,9.155,V,11.079999923706056,0.0,AAVSO,
2012-06-10,2456088.155,9.155,V,11.079999923706056,0.0,AAVSO,
2012-06-10,2456088.156,9.156,V,11.079999923706056,0.0,AAVSO,
2012-06-10,2456088.156,9.156,V,11.06999969482422,0.0,AAVSO,
2012-06-10,2456088.156,9.156,V,11.079999923706056,0.0,AAVSO,
2012-06-10,2456088.157,9.157,V,11.06999969482422,0.0,AAVSO,
2012-06-10,2456088.157,9.157,V,11.06999969482422,0.0,AAVSO,
2012-06-10,2456088.158,9.158,V,11.09000015258789,0.0,AAVSO,
2012-06-10,2456088.158,9.158,V,11.06999969482422,0.0,AAVSO,
2012-06-10,2456088.158,9.158,V,11.06999969482422,0.0,AAVSO,
2012-06-10,2456088.159,9.159,V,11.09000015258789,0.0,AAVSO,
2012-06-10,2456088.159,9.159,V,11.06999969482422,0.0,AAVSO,
2012-06-10,2456088.16,9.16,V,11.06999969482422,0.0,AAVSO,
2012-06-10,2456088.16,9.16,V,11.06999969482422,0.0,AAVSO,
2012-06-10,2456088.16,9.16,V,11.0600004196167,0.0,AAVSO,
2012-06-10,2456088.161,9.161,V,11.079999923706056,0.0,AAVSO,
2012-06-10,2456088.161,9.161,V,11.06999969482422,0.0,AAVSO,
2012-06-10,2456088.162,9.162,V,11.079999923706056,0.0,AAVSO,
2012-06-10,2456088.162,9.162,V,11.06999969482422,0.0,AAVSO,
2012-06-10,2456088.163,9.163,V,11.079999923706056,0.0,AAVSO,
2012-06-10,2456088.163,9.163,V,11.06999969482422,0.0,AAVSO,
2012-06-10,2456088.163,9.163,V,11.06999969482422,0.0,AAVSO,
2012-06-10,2456088.164,9.164,V,11.06999969482422,0.0,AAVSO,
2012-06-10,2456088.164,9.164,V,11.06999969482422,0.0,AAVSO,
2012-06-10,2456088.165,9.165,V,11.06999969482422,0.0,AAVSO,
2012-06-10,2456088.165,9.165,V,11.06999969482422,0.0,AAVSO,
2012-06-10,2456088.165,9.165,V,11.06999969482422,0.0,AAVSO,
2012-06-10,2456088.166,9.166,V,11.079999923706056,0.0,AAVSO,
2012-06-10,2456088.166,9.166,V,11.06999969482422,0.0,AAVSO,
2012-06-10,2456088.167,9.167,V,11.06999969482422,0.0,AAVSO,
2012-06-10,2456088.167,9.167,V,11.06999969482422,0.0,AAVSO,
2012-06-10,2456088.167,9.167,V,11.079999923706056,0.0,AAVSO,
2012-06-10,2456088.168,9.168,V,11.0600004196167,0.0099999997764825,AAVSO,
2012-06-10,2456088.168,9.168,V,11.06999969482422,0.0099999997764825,AAVSO,
2012-06-10,2456088.169,9.169,V,11.06999969482422,0.0099999997764825,AAVSO,
2012-06-10,2456088.169,9.169,V,11.0600004196167,0.0099999997764825,AAVSO,
2012-06-10,2456088.169,9.169,V,11.06999969482422,0.0099999997764825,AAVSO,
2012-06-10,2456088.17,9.17,V,11.079999923706056,0.0099999997764825,AAVSO,
2012-06-10,2456088.17,9.17,V,11.06999969482422,0.0099999997764825,AAVSO,
2012-06-10,2456088.171,9.171,V,11.06999969482422,0.0099999997764825,AAVSO,
2012-06-10,2456088.171,9.171,V,11.06999969482422,0.0099999997764825,AAVSO,
2012-06-10,2456088.172,9.172,V,11.06999969482422,0.0,AAVSO,
2012-06-10,2456088.172,9.172,V,11.0600004196167,0.0099999997764825,AAVSO,
2012-06-10,2456088.172,9.172,V,11.06999969482422,0.0,AAVSO,
2012-06-10,2456088.173,9.173,V,11.0600004196167,0.0099999997764825,AAVSO,
2012-06-10,2456088.173,9.173,V,11.06999969482422,0.0099999997764825,AAVSO,
2012-06-10,2456088.174,9.174,V,11.0600004196167,0.0099999997764825,AAVSO,
2012-06-10,2456088.174,9.174,V,11.0600004196167,0.0,AAVSO,
2012-06-10,2456088.175,9.175,V,11.06999969482422,0.0,AAVSO,
2012-06-10,2456088.175,9.175,V,11.0600004196167,0.0099999997764825,AAVSO,
2012-06-10,2456088.176,9.176,V,11.0600004196167,0.0,AAVSO,
2012-06-10,2456088.176,9.176,V,11.079999923706056,0.0,AAVSO,
2012-06-10,2456088.176,9.176,V,11.06999969482422,0.0,AAVSO,
2012-06-10,2456088.177,9.177,V,11.079999923706056,0.0,AAVSO,
2012-06-10,2456088.177,9.177,V,11.079999923706056,0.0,AAVSO,
2012-06-10,2456088.178,9.178,V,11.06999969482422,0.0,AAVSO,
2012-06-10,2456088.178,9.178,V,11.0600004196167,0.0,AAVSO,
2012-06-10,2456088.178,9.178,V,11.06999969482422,0.0,AAVSO,
2012-06-10,2456088.179,9.179,V,11.0600004196167,0.0,AAVSO,
2012-06-10,2456088.179,9.179,V,11.06999969482422,0.0,AAVSO,
2012-06-10,2456088.18,9.18,V,11.0600004196167,0.0,AAVSO,
2012-06-10,2456088.18,9.18,V,11.0600004196167,0.0,AAVSO,
2012-06-10,2456088.181,9.181,V,11.06999969482422,0.0,AAVSO,
2012-06-10,2456088.181,9.181,V,11.06999969482422,0.0,AAVSO,
2012-06-10,2456088.181,9.181,V,11.0600004196167,0.0,AAVSO,
2012-06-10,2456088.182,9.182,V,11.06999969482422,0.0,AAVSO,
2012-06-10,2456088.182,9.182,V,11.06999969482422,0.0,AAVSO,
2012-06-10,2456088.183,9.183,V,11.0600004196167,0.0,AAVSO,
2012-06-10,2456088.183,9.183,V,11.06999969482422,0.0,AAVSO,
2012-06-10,2456088.183,9.183,V,11.0600004196167,0.0,AAVSO,
2012-06-10,2456088.184,9.184,V,11.06999969482422,0.0,AAVSO,
2012-06-10,2456088.184,9.184,V,11.0600004196167,0.0,AAVSO,
2012-06-10,2456088.185,9.185,V,11.06999969482422,0.0,AAVSO,
2012-06-10,2456088.185,9.185,V,11.0600004196167,0.0,AAVSO,
2012-06-10,2456088.185,9.185,V,11.06999969482422,0.0,AAVSO,
2012-06-10,2456088.186,9.186,V,11.0600004196167,0.0,AAVSO,
2012-06-10,2456088.186,9.186,V,11.06999969482422,0.0,AAVSO,
2012-06-10,2456088.187,9.187,V,11.06999969482422,0.0,AAVSO,
2012-06-10,2456088.187,9.187,V,11.0600004196167,0.0,AAVSO,
2012-06-10,2456088.187,9.187,V,11.0600004196167,0.0,AAVSO,
2012-06-10,2456088.188,9.188,V,11.06999969482422,0.0,AAVSO,
2012-06-10,2456088.188,9.188,V,11.06999969482422,0.0,AAVSO,
2012-06-10,2456088.189,9.189,V,11.06999969482422,0.0,AAVSO,
2012-06-10,2456088.189,9.189,V,11.06999969482422,0.0,AAVSO,
2012-06-10,2456088.189,9.189,V,11.0600004196167,0.0,AAVSO,
2012-06-10,2456088.19,9.19,V,11.0600004196167,0.0,AAVSO,
2012-06-10,2456088.19,9.19,V,11.0600004196167,0.0,AAVSO,
2012-06-10,2456088.191,9.191,V,11.06999969482422,0.0,AAVSO,
2012-06-10,2456088.191,9.191,V,11.0600004196167,0.0,AAVSO,
2012-06-10,2456088.191,9.191,V,11.06999969482422,0.0,AAVSO,
2012-06-10,2456088.192,9.192,V,11.0600004196167,0.0,AAVSO,
2012-06-10,2456088.192,9.192,V,11.0600004196167,0.0,AAVSO,
2012-06-10,2456088.193,9.193,V,11.050000190734863,0.0,AAVSO,
2012-06-10,2456088.193,9.193,V,11.06999969482422,0.0,AAVSO,
2012-06-10,2456088.194,9.194,V,11.0600004196167,0.0,AAVSO,
2012-06-10,2456088.194,9.194,V,11.050000190734863,0.0,AAVSO,
2012-06-10,2456088.194,9.194,V,11.0600004196167,0.0,AAVSO,
2012-06-10,2456088.195,9.195,V,11.0600004196167,0.0,AAVSO,
2012-06-10,2456088.195,9.195,V,11.06999969482422,0.0,AAVSO,
2012-06-10,2456088.196,9.196,V,11.0600004196167,0.0,AAVSO,
2012-06-10,2456088.196,9.196,V,11.0600004196167,0.0,AAVSO,
2012-06-10,2456088.196,9.196,V,11.06999969482422,0.0,AAVSO,
2012-06-10,2456088.197,9.197,V,11.0600004196167,0.0,AAVSO,
2012-06-10,2456088.197,9.197,V,11.0600004196167,0.0,AAVSO,
2012-06-10,2456088.198,9.198,V,11.0600004196167,0.0,AAVSO,
2012-06-10,2456088.198,9.198,V,11.0600004196167,0.0,AAVSO,
2012-06-10,2456088.198,9.198,V,11.050000190734863,0.0,AAVSO,
2012-06-10,2456088.199,9.199,V,11.0600004196167,0.0,AAVSO,
2012-06-10,2456088.199,9.199,V,11.06999969482422,0.0,AAVSO,
2012-06-10,2456088.2,9.2,V,11.06999969482422,0.0,AAVSO,
2012-06-10,2456088.2,9.2,V,11.050000190734863,0.0,AAVSO,
2012-06-10,2456088.2,9.2,V,11.0600004196167,0.0099999997764825,AAVSO,
2012-06-10,2456088.201,9.201,V,11.0600004196167,0.0,AAVSO,
2012-06-10,2456088.201,9.201,V,11.06999969482422,0.0,AAVSO,
2012-06-10,2456088.202,9.202,V,11.0600004196167,0.0,AAVSO,
2012-06-10,2456088.202,9.202,V,11.0600004196167,0.0,AAVSO,
2012-06-10,2456088.202,9.202,V,11.050000190734863,0.0,AAVSO,
2012-06-10,2456088.203,9.203,V,11.06999969482422,0.0,AAVSO,
2012-06-10,2456088.203,9.203,V,11.0600004196167,0.0,AAVSO,
2012-06-10,2456088.204,9.204,V,11.06999969482422,0.0,AAVSO,
2012-06-10,2456088.204,9.204,V,11.0600004196167,0.0,AAVSO,
2012-06-10,2456088.204,9.204,V,11.050000190734863,0.0,AAVSO,
2012-06-10,2456088.205,9.205,V,11.0600004196167,0.0,AAVSO,
2012-06-10,2456088.205,9.205,V,11.06999969482422,0.0,AAVSO,
2012-06-10,2456088.206,9.206,V,11.050000190734863,0.0,AAVSO,
2012-06-10,2456088.206,9.206,V,11.050000190734863,0.0,AAVSO,
2012-06-10,2456088.206,9.206,V,11.0600004196167,0.0,AAVSO,
2012-06-10,2456088.207,9.207,V,11.0600004196167,0.0,AAVSO,
2012-06-10,2456088.207,9.207,V,11.0600004196167,0.0,AAVSO,
2012-06-10,2456088.208,9.208,V,11.06999969482422,0.0,AAVSO,
2012-06-10,2456088.208,9.208,V,11.0600004196167,0.0,AAVSO,
2012-06-10,2456088.209,9.209,V,11.0600004196167,0.0,AAVSO,
2012-06-10,2456088.209,9.209,V,11.06999969482422,0.0,AAVSO,
2012-06-10,2456088.209,9.209,V,11.0600004196167,0.0,AAVSO,
2012-06-10,2456088.21,9.21,V,11.06999969482422,0.0,AAVSO,
2012-06-10,2456088.21,9.21,V,11.050000190734863,0.0,AAVSO,
2012-06-10,2456088.211,9.211,V,11.0600004196167,0.0099999997764825,AAVSO,
2012-06-10,2456088.211,9.211,V,11.06999969482422,0.0099999997764825,AAVSO,
2012-06-10,2456088.212,9.212,V,11.050000190734863,0.0099999997764825,AAVSO,
2012-06-10,2456088.212,9.212,V,11.06999969482422,0.0099999997764825,AAVSO,
2012-06-10,2456088.861,9.861,V,10.81999969482422,0.0199999995529651,AAVSO,
2012-06-11,2456089.857,10.857,V,10.420000076293944,0.0299999993294477,AAVSO,
2012-06-11,2456089.858,10.858,B,12.289999961853027,0.050000000745058,AAVSO,
2012-06-12,2456090.834,11.834,B,12.390000343322754,0.0299999993294477,AAVSO,
2012-06-12,2456090.835,11.835,V,10.56999969482422,0.0099999997764825,AAVSO,
2012-06-12,2456090.838,11.838,R,9.31999969482422,0.0199999995529651,AAVSO,
2012-06-13,2456091.114,12.114,B,12.510000228881836,0.0099999997764825,AAVSO,
2012-06-13,2456091.115,12.115,V,10.670000076293944,0.0,AAVSO,
2012-06-13,2456091.117,12.117,B,12.520000457763672,0.0099999997764825,AAVSO,
2012-06-13,2456091.117,12.117,V,10.68000030517578,0.0,AAVSO,
2012-06-13,2456091.12,12.12,B,12.460000038146973,0.0099999997764825,AAVSO,
2012-06-13,2456091.12,12.12,V,10.68000030517578,0.0099999997764825,AAVSO,
2012-06-13,2456091.821,12.821,R,9.270000457763672,0.050000000745058,AAVSO,
2012-06-13,2456091.822,12.822,V,10.510000228881836,0.050000000745058,AAVSO,
2012-06-13,2456091.823,12.823,B,12.25,0.050000000745058,AAVSO,
2012-06-14,2456092.878,13.878,R,9.300000190734863,0.050000000745058,AAVSO,
2012-06-14,2456092.879,13.879,V,10.529999732971191,0.050000000745058,AAVSO,
2012-06-14,2456092.881,13.881,B,12.15999984741211,0.050000000745058,AAVSO,
2012-06-15,2456093.06,14.06,B,12.31999969482422,0.0,AAVSO,
2012-06-15,2456093.061,14.061,V,10.649999618530272,0.0,AAVSO,
2012-06-15,2456093.064,14.064,B,12.31999969482422,0.0,AAVSO,
2012-06-15,2456093.064,14.064,V,10.649999618530272,0.0,AAVSO,
2012-06-15,2456093.067,14.067,B,12.31999969482422,0.0,AAVSO,
2012-06-15,2456093.068,14.068,V,10.65999984741211,0.0,AAVSO,
2012-06-15,2456093.07,14.07,B,12.31999969482422,0.0,AAVSO,
2012-06-15,2456093.071,14.071,V,10.649999618530272,0.0,AAVSO,
2012-06-15,2456093.073,14.073,B,12.31999969482422,0.0,AAVSO,
2012-06-15,2456093.077,14.077,B,12.31999969482422,0.0,AAVSO,
2012-06-15,2456093.077,14.077,V,10.649999618530272,0.0,AAVSO,
2012-06-15,2456093.08,14.08,B,12.31999969482422,0.0,AAVSO,
2012-06-15,2456093.08,14.08,V,10.649999618530272,0.0,AAVSO,
2012-06-15,2456093.083,14.083,B,12.31999969482422,0.0,AAVSO,
2012-06-15,2456093.084,14.084,V,10.649999618530272,0.0,AAVSO,
2012-06-15,2456093.086,14.086,B,12.31999969482422,0.0,AAVSO,
2012-06-15,2456093.087,14.087,V,10.649999618530272,0.0,AAVSO,
2012-06-15,2456093.089,14.089,B,12.329999923706056,0.0,AAVSO,
2012-06-15,2456093.09,14.09,V,10.649999618530272,0.0,AAVSO,
2012-06-15,2456093.093,14.093,B,12.329999923706056,0.0099999997764825,AAVSO,
2012-06-15,2456093.093,14.093,V,10.649999618530272,0.0,AAVSO,
2012-06-15,2456093.128,14.128,V,10.56999969482422,0.0299999993294477,AAVSO,
2012-06-15,2456093.13,14.13,V,10.609999656677246,0.0199999995529651,AAVSO,
2012-06-15,2456093.131,14.131,V,10.609999656677246,0.0299999993294477,AAVSO,
2012-06-15,2456093.132,14.132,V,10.600000381469728,0.0199999995529651,AAVSO,
2012-06-15,2456093.501,14.501,V,10.510000228881836,0.0099999997764825,AAVSO,
2012-06-15,2456093.503,14.503,V,10.520000457763672,0.0199999995529651,AAVSO,
2012-06-15,2456093.504,14.504,V,10.510000228881836,0.0099999997764825,AAVSO,
2012-06-15,2456093.506,14.506,V,10.510000228881836,0.0199999995529651,AAVSO,
2012-06-15,2456093.507,14.507,V,10.510000228881836,0.0299999993294477,AAVSO,
2012-06-15,2456093.509,14.509,V,10.520000457763672,0.0099999997764825,AAVSO,
2012-06-15,2456093.511,14.511,V,10.510000228881836,0.0,AAVSO,
2012-06-15,2456093.512,14.512,V,10.5,0.0099999997764825,AAVSO,
2012-06-15,2456093.514,14.514,V,10.479999542236328,0.0099999997764825,AAVSO,
2012-06-15,2456093.515,14.515,V,10.5,0.0199999995529651,AAVSO,
2012-06-15,2456093.517,14.517,V,10.489999771118164,0.0,AAVSO,
2012-06-15,2456093.518,14.518,V,10.5,0.0099999997764825,AAVSO,
2012-06-15,2456093.52,14.52,V,10.489999771118164,0.0099999997764825,AAVSO,
2012-06-15,2456093.521,14.521,V,10.479999542236328,0.0199999995529651,AAVSO,
2012-06-15,2456093.523,14.523,V,10.489999771118164,0.0099999997764825,AAVSO,
2012-06-15,2456093.524,14.524,V,10.479999542236328,0.0199999995529651,AAVSO,
2012-06-15,2456093.526,14.526,V,10.5,0.0099999997764825,AAVSO,
2012-06-15,2456093.528,14.528,V,10.489999771118164,0.0199999995529651,AAVSO,
2012-06-15,2456093.529,14.529,V,10.489999771118164,0.0,AAVSO,
2012-06-15,2456093.531,14.531,V,10.5,0.0099999997764825,AAVSO,
2012-06-15,2456093.532,14.532,V,10.479999542236328,0.0099999997764825,AAVSO,
2012-06-15,2456093.534,14.534,V,10.479999542236328,0.0099999997764825,AAVSO,
2012-06-15,2456093.535,14.535,V,10.489999771118164,0.0099999997764825,AAVSO,
2012-06-15,2456093.537,14.537,V,10.489999771118164,0.0099999997764825,AAVSO,
2012-06-15,2456093.538,14.538,V,10.489999771118164,0.0099999997764825,AAVSO,
2012-06-15,2456093.846,14.846,B,12.199999809265137,0.0599999986588954,AAVSO,
2012-06-15,2456093.846,14.846,V,10.68000030517578,0.0299999993294477,AAVSO,
2012-06-15,2456093.847,14.847,R,9.460000038146973,0.0099999997764825,AAVSO,
2012-06-16,2456094.519,15.519,V,10.399999618530272,0.0099999997764825,AAVSO,
2012-06-16,2456094.522,15.522,V,10.390000343322754,0.0099999997764825,AAVSO,
2012-06-16,2456094.524,15.524,V,10.369999885559082,0.0099999997764825,AAVSO,
2012-06-16,2456094.526,15.526,V,10.369999885559082,0.0099999997764825,AAVSO,
2012-06-16,2456094.528,15.528,V,10.369999885559082,0.0099999997764825,AAVSO,
2012-06-16,2456094.843,15.843,V,10.289999961853027,0.0199999995529651,AAVSO,
2012-06-16,2456094.844,15.844,B,11.75,0.0299999993294477,AAVSO,
2012-06-16,2456094.845,15.845,R,9.09000015258789,0.0099999997764825,AAVSO,
2012-06-17,2456095.84,16.84,V,10.5600004196167,0.0299999993294477,AAVSO,
2012-06-17,2456095.841,16.841,B,12.010000228881836,0.0399999991059303,AAVSO,
2012-06-17,2456095.842,16.842,R,9.31999969482422,0.0099999997764825,AAVSO,
2012-06-18,2456096.002,17.002,B,11.90999984741211,0.0799999982118606,AAVSO,
2012-06-18,2456096.006,17.006,V,10.460000038146973,0.0599999986588954,AAVSO,
2012-06-19,2456097.831,18.831,V,10.130000114440918,0.0299999993294477,AAVSO,
2012-06-19,2456097.832,18.832,R,8.819999694824219,0.0299999993294477,AAVSO,
2012-06-19,2456097.833,18.833,B,11.539999961853027,0.0599999986588954,AAVSO,
2012-06-19,2456097.994,18.994,B,11.600000381469728,0.0099999997764825,AAVSO,
2012-06-19,2456097.995,18.995,V,10.109999656677246,0.0,AAVSO,
2012-06-19,2456097.999,18.999,B,11.600000381469728,0.0099999997764825,AAVSO,
2012-06-20,2456098.0,19.0,V,10.100000381469728,0.0,AAVSO,
2012-06-20,2456098.004,19.004,B,11.609999656677246,0.0099999997764825,AAVSO,
2012-06-20,2456098.004,19.004,V,10.100000381469728,0.0,AAVSO,
2012-06-20,2456098.008,19.008,B,11.600000381469728,0.0099999997764825,AAVSO,
2012-06-20,2456098.009,19.009,V,10.100000381469728,0.0,AAVSO,
2012-06-20,2456098.013,19.013,B,11.59000015258789,0.0,AAVSO,
2012-06-20,2456098.014,19.014,V,10.09000015258789,0.0,AAVSO,
2012-06-20,2456098.187,19.187,V,9.970000267028809,0.0299999993294477,AAVSO,
2012-06-20,2456098.189,19.189,V,9.979999542236328,0.0299999993294477,AAVSO,
2012-06-20,2456098.19,19.19,B,11.15999984741211,0.1000000014901161,AAVSO,
2012-06-20,2456098.191,19.191,B,11.170000076293944,0.1000000014901161,AAVSO,
2012-06-20,2456098.452,19.452,V,9.880000114440918,0.0,AAVSO,
2012-06-20,2456098.454,19.454,V,9.899999618530272,0.0099999997764825,AAVSO,
2012-06-20,2456098.455,19.455,V,9.899999618530272,0.0099999997764825,AAVSO,
2012-06-20,2456098.457,19.457,V,9.90999984741211,0.0,AAVSO,
2012-06-20,2456098.459,19.459,V,9.899999618530272,0.0099999997764825,AAVSO,
2012-06-20,2456098.461,19.461,V,9.890000343322754,0.0,AAVSO,
2012-06-20,2456098.463,19.463,V,9.890000343322754,0.0099999997764825,AAVSO,
2012-06-20,2456098.465,19.465,V,9.899999618530272,0.0099999997764825,AAVSO,
2012-06-20,2456098.467,19.467,V,9.890000343322754,0.0099999997764825,AAVSO,
2012-06-20,2456098.469,19.469,V,9.869999885559082,0.0099999997764825,AAVSO,
2012-06-20,2456098.831,19.831,B,11.5,0.0399999991059303,AAVSO,
2012-06-20,2456098.832,19.832,V,10.260000228881836,0.0199999995529651,AAVSO,
2012-06-21,2456099.007,20.007,B,11.8100004196167,0.0199999995529651,AAVSO,
2012-06-21,2456099.008,20.008,V,10.369999885559082,0.0099999997764825,AAVSO,
2012-06-21,2456099.011,20.011,B,11.8100004196167,0.0,AAVSO,
2012-06-21,2456099.012,20.012,V,10.359999656677246,0.0,AAVSO,
2012-06-21,2456099.016,20.016,B,11.8100004196167,0.0,AAVSO,
2012-06-21,2456099.017,20.017,V,10.369999885559082,0.0099999997764825,AAVSO,
2012-06-21,2456099.021,20.021,B,11.8100004196167,0.0199999995529651,AAVSO,
2012-06-21,2456099.022,20.022,V,10.359999656677246,0.0,AAVSO,
2012-06-21,2456099.026,20.026,V,10.369999885559082,0.0099999997764825,AAVSO,
2012-06-21,2456099.03,20.03,B,11.81999969482422,0.0,AAVSO,
2012-06-21,2456099.031,20.031,V,10.369999885559082,0.0099999997764825,AAVSO,
2012-06-21,2456099.035,20.035,B,11.800000190734863,0.0199999995529651,AAVSO,
2012-06-21,2456099.036,20.036,V,10.369999885559082,0.0099999997764825,AAVSO,
2012-06-21,2456099.039,20.039,B,11.8100004196167,0.0199999995529651,AAVSO,
2012-06-21,2456099.04,20.04,V,10.359999656677246,0.0099999997764825,AAVSO,
2012-06-21,2456099.044,20.044,B,11.81999969482422,0.0,AAVSO,
2012-06-21,2456099.045,20.045,V,10.359999656677246,0.0099999997764825,AAVSO,
2012-06-21,2456099.049,20.049,B,11.800000190734863,0.0199999995529651,AAVSO,
2012-06-21,2456099.049,20.049,V,10.359999656677246,0.0099999997764825,AAVSO,
2012-06-21,2456099.053,20.053,B,11.8100004196167,0.0299999993294477,AAVSO,
2012-06-21,2456099.054,20.054,V,10.369999885559082,0.0099999997764825,AAVSO,
2012-06-21,2456099.058,20.058,B,11.8100004196167,0.0,AAVSO,
2012-06-21,2456099.059,20.059,V,10.359999656677246,0.0099999997764825,AAVSO,
2012-06-21,2456099.062,20.062,B,11.800000190734863,0.0299999993294477,AAVSO,
2012-06-21,2456099.063,20.063,V,10.359999656677246,0.0099999997764825,AAVSO,
2012-06-21,2456099.067,20.067,B,11.8100004196167,0.0299999993294477,AAVSO,
2012-06-21,2456099.068,20.068,V,10.359999656677246,0.0099999997764825,AAVSO,
2012-06-21,2456099.072,20.072,B,11.800000190734863,0.0,AAVSO,
2012-06-21,2456099.073,20.073,V,10.359999656677246,0.0099999997764825,AAVSO,
2012-06-21,2456099.076,20.076,B,11.8100004196167,0.0399999991059303,AAVSO,
2012-06-21,2456099.077,20.077,V,10.369999885559082,0.0099999997764825,AAVSO,
2012-06-21,2456099.081,20.081,B,11.81999969482422,0.0,AAVSO,
2012-06-21,2456099.828,20.828,V,10.149999618530272,0.0299999993294477,AAVSO,
2012-06-21,2456099.982,20.982,B,11.510000228881836,0.0700000002980232,AAVSO,
2012-06-21,2456099.988,20.988,V,10.15999984741211,0.050000000745058,AAVSO,
2012-06-22,2456100.468,21.468,V,10.31999969482422,0.0,AAVSO,
2012-06-22,2456100.469,21.469,V,10.31999969482422,0.0099999997764825,AAVSO,
2012-06-22,2456100.47,21.47,V,10.329999923706056,0.0,AAVSO,
2012-06-22,2456100.471,21.471,V,10.3100004196167,0.0,AAVSO,
2012-06-22,2456100.472,21.472,V,10.31999969482422,0.0,AAVSO,
2012-06-22,2456100.473,21.473,V,10.3100004196167,0.0,AAVSO,
2012-06-22,2456100.474,21.474,V,10.3100004196167,0.0099999997764825,AAVSO,
2012-06-22,2456100.475,21.475,V,10.3100004196167,0.0099999997764825,AAVSO,
2012-06-22,2456100.476,21.476,V,10.31999969482422,0.0099999997764825,AAVSO,
2012-06-22,2456100.478,21.478,V,10.31999969482422,0.0,AAVSO,
2012-06-22,2456100.479,21.479,V,10.3100004196167,0.0,AAVSO,
2012-06-22,2456100.48,21.48,V,10.3100004196167,0.0099999997764825,AAVSO,
2012-06-22,2456100.481,21.481,V,10.300000190734863,0.0099999997764825,AAVSO,
2012-06-22,2456100.482,21.482,V,10.3100004196167,0.0099999997764825,AAVSO,
2012-06-22,2456100.483,21.483,V,10.300000190734863,0.0,AAVSO,
2012-06-22,2456100.484,21.484,V,10.3100004196167,0.0099999997764825,AAVSO,
2012-06-22,2456100.485,21.485,V,10.300000190734863,0.0,AAVSO,
2012-06-22,2456100.486,21.486,V,10.300000190734863,0.0099999997764825,AAVSO,
2012-06-22,2456100.487,21.487,V,10.300000190734863,0.0,AAVSO,
2012-06-22,2456100.825,21.825,R,9.09000015258789,0.0,AAVSO,
2012-06-22,2456100.826,21.826,V,10.390000343322754,0.050000000745058,AAVSO,
2012-06-23,2456101.471,22.471,V,10.279999732971191,0.0099999997764825,AAVSO,
2012-06-23,2456101.472,22.472,V,10.260000228881836,0.0199999995529651,AAVSO,
2012-06-23,2456101.474,22.474,V,10.270000457763672,0.0,AAVSO,
2012-06-23,2456101.475,22.475,V,10.25,0.0199999995529651,AAVSO,
2012-06-23,2456101.477,22.477,V,10.25,0.0299999993294477,AAVSO,
2012-06-23,2456101.478,22.478,V,10.220000267028809,0.0,AAVSO,
2012-06-23,2456101.48,22.48,V,10.220000267028809,0.0099999997764825,AAVSO,
2012-06-23,2456101.482,22.482,V,10.220000267028809,0.0199999995529651,AAVSO,
2012-06-23,2456101.483,22.483,V,10.25,0.0199999995529651,AAVSO,
2012-06-23,2456101.485,22.485,V,10.239999771118164,0.0099999997764825,AAVSO,
2012-06-23,2456101.486,22.486,V,10.25,0.0099999997764825,AAVSO,
2012-06-23,2456101.488,22.488,V,10.239999771118164,0.0099999997764825,AAVSO,
2012-06-23,2456101.489,22.489,V,10.260000228881836,0.0099999997764825,AAVSO,
2012-06-23,2456101.491,22.491,V,10.239999771118164,0.0,AAVSO,
2012-06-23,2456101.493,22.493,V,10.25,0.0199999995529651,AAVSO,
2012-06-23,2456101.494,22.494,V,10.25,0.0099999997764825,AAVSO,
2012-06-23,2456101.496,22.496,V,10.260000228881836,0.0199999995529651,AAVSO,
2012-06-23,2456101.497,22.497,V,10.239999771118164,0.0099999997764825,AAVSO,
2012-06-23,2456101.499,22.499,V,10.25,0.0199999995529651,AAVSO,
2012-06-23,2456101.5,22.5,V,10.239999771118164,0.0199999995529651,AAVSO,
2012-06-23,2456101.502,22.502,V,10.260000228881836,0.0199999995529651,AAVSO,
2012-06-23,2456101.503,22.503,V,10.270000457763672,0.0099999997764825,AAVSO,
2012-06-23,2456101.505,22.505,V,10.289999961853027,0.0099999997764825,AAVSO,
2012-06-23,2456101.506,22.506,V,10.289999961853027,0.0199999995529651,AAVSO,
2012-06-24,2456102.048,23.048,B,11.970000267028809,0.0,AAVSO,
2012-06-24,2456102.049,23.049,V,10.5600004196167,0.0,AAVSO,
2012-06-24,2456102.051,23.051,B,11.960000038146973,0.0,AAVSO,
2012-06-24,2456102.054,23.054,B,11.960000038146973,0.0,AAVSO,
2012-06-24,2456102.054,23.054,V,10.579999923706056,0.0,AAVSO,
2012-06-24,2456102.057,23.057,B,11.960000038146973,0.0,AAVSO,
2012-06-24,2456102.057,23.057,V,10.56999969482422,0.0,AAVSO,
2012-06-24,2456102.06,23.06,B,11.960000038146973,0.0,AAVSO,
2012-06-24,2456102.063,23.063,B,11.949999809265137,0.0,AAVSO,
2012-06-24,2456102.063,23.063,V,10.56999969482422,0.0,AAVSO,
2012-06-24,2456102.065,23.065,B,11.960000038146973,0.0,AAVSO,
2012-06-24,2456102.066,23.066,V,10.56999969482422,0.0,AAVSO,
2012-06-24,2456102.068,23.068,B,11.949999809265137,0.0,AAVSO,
2012-06-24,2456102.069,23.069,V,10.56999969482422,0.0,AAVSO,
2012-06-24,2456102.071,23.071,B,11.960000038146973,0.0,AAVSO,
2012-06-24,2456102.072,23.072,V,10.56999969482422,0.0,AAVSO,
2012-06-24,2456102.074,23.074,B,11.960000038146973,0.0,AAVSO,
2012-06-24,2456102.077,23.077,B,11.960000038146973,0.0,AAVSO,
2012-06-24,2456102.82,23.82,V,10.59000015258789,0.0199999995529651,AAVSO,
2012-06-24,2456102.964,23.964,B,11.779999732971191,0.0799999982118606,AAVSO,
2012-06-24,2456102.967,23.967,V,10.56999969482422,0.0599999986588954,AAVSO,
2012-06-25,2456103.816,24.816,B,11.90999984741211,0.0700000002980232,AAVSO,
2012-06-25,2456103.817,24.817,V,10.68000030517578,0.0199999995529651,AAVSO,
2012-06-26,2456104.814,25.814,R,9.40999984741211,0.0199999995529651,AAVSO,
2012-06-26,2456104.815,25.815,V,10.739999771118164,0.0299999993294477,AAVSO,
2012-06-27,2456105.811,26.811,B,12.010000228881836,0.0900000035762786,AAVSO,
2012-06-27,2456105.812,26.812,V,10.8100004196167,0.0399999991059303,AAVSO,
2012-06-28,2456106.806,27.806,V,10.8100004196167,0.0299999993294477,AAVSO,
2012-06-29,2456107.806,28.806,B,12.050000190734863,0.0900000035762786,AAVSO,
2012-06-29,2456107.806,28.806,V,10.880000114440918,0.0299999993294477,AAVSO,
2012-06-30,2456108.452,29.452,V,10.84000015258789,0.0099999997764825,AAVSO,
2012-06-30,2456108.453,29.453,V,10.84000015258789,0.0,AAVSO,
2012-06-30,2456108.455,29.455,V,10.829999923706056,0.0,AAVSO,
2012-06-30,2456108.456,29.456,V,10.829999923706056,0.0099999997764825,AAVSO,
2012-06-30,2456108.457,29.457,V,10.81999969482422,0.0,AAVSO,
2012-06-30,2456108.458,29.458,V,10.81999969482422,0.0099999997764825,AAVSO,
2012-06-30,2456108.802,29.802,V,10.869999885559082,0.0599999986588954,AAVSO,
2012-07-04,2456112.792,33.792,B,12.289999961853027,0.0599999986588954,AAVSO,
2012-07-04,2456112.793,33.793,V,11.039999961853027,0.050000000745058,AAVSO,
2012-07-04,2456112.899,33.899,V,11.039999961853027,0.0299999993294477,AAVSO,
2012-07-04,2456112.901,33.901,V,11.039999961853027,0.0299999993294477,AAVSO,
2012-07-04,2456112.902,33.902,B,12.06999969482422,0.1000000014901161,AAVSO,
2012-07-04,2456112.903,33.903,B,12.06999969482422,0.1000000014901161,AAVSO,
2012-07-05,2456113.435,34.435,V,10.90999984741211,0.0199999995529651,AAVSO,
2012-07-05,2456113.438,34.438,V,10.899999618530272,0.0199999995529651,AAVSO,
2012-07-05,2456113.441,34.441,V,10.899999618530272,0.0199999995529651,AAVSO,
2012-07-05,2456113.444,34.444,V,10.880000114440918,0.0099999997764825,AAVSO,
2012-07-05,2456113.447,34.447,V,10.899999618530272,0.0199999995529651,AAVSO,
2012-07-05,2456113.45,34.45,V,10.880000114440918,0.0199999995529651,AAVSO,
2012-07-05,2456113.453,34.453,V,10.880000114440918,0.0199999995529651,AAVSO,
2012-07-05,2456113.79,34.79,V,10.989999771118164,0.0700000002980232,AAVSO,
2012-07-06,2456114.774,35.774,J,6.940000057220459,0.0099999997764825,Walters,SMARTS
2012-07-06,2456114.774,35.774,K,6.190000057220459,0.0099999997764825,Walters,SMARTS
2012-07-06,2456114.774,35.774,B,12.4399995803833,0.0,Walters,SMARTS
2012-07-06,2456114.775,35.775,V,11.149999618530272,0.0,Walters,SMARTS
2012-07-06,2456114.776,35.776,R,9.65999984741211,0.0,Walters,SMARTS
2012-07-06,2456114.787,35.787,B,12.329999923706056,0.0700000002980232,AAVSO,
2012-07-06,2456114.787,35.787,V,11.130000114440918,0.0299999993294477,AAVSO,
2012-07-07,2456115.456,36.456,V,11.050000190734863,0.0099999997764825,AAVSO,
2012-07-07,2456115.46,36.46,V,11.050000190734863,0.0099999997764825,AAVSO,
2012-07-07,2456115.463,36.463,V,11.039999961853027,0.0099999997764825,AAVSO,
2012-07-07,2456115.467,36.467,V,11.039999961853027,0.0099999997764825,AAVSO,
2012-07-07,2456115.471,36.471,V,11.029999732971191,0.0199999995529651,AAVSO,
2012-07-07,2456115.475,36.475,V,11.020000457763672,0.0099999997764825,AAVSO,
2012-07-07,2456115.478,36.478,V,11.020000457763672,0.0099999997764825,AAVSO,
2012-07-07,2456115.784,36.784,V,11.289999961853027,0.0399999991059303,AAVSO,
2012-07-08,2456116.779,37.779,V,11.229999542236328,0.0299999993294477,AAVSO,
2012-07-08,2456116.78,37.78,B,12.449999809265137,0.0700000002980232,AAVSO,
2012-07-09,2456117.441,38.441,V,11.170000076293944,0.0099999997764825,AAVSO,
2012-07-09,2456117.444,38.444,V,11.18000030517578,0.0099999997764825,AAVSO,
2012-07-09,2456117.446,38.446,V,11.15999984741211,0.0099999997764825,AAVSO,
2012-07-09,2456117.448,38.448,V,11.149999618530272,0.0199999995529651,AAVSO,
2012-07-09,2456117.45,38.45,V,11.15999984741211,0.0199999995529651,AAVSO,
2012-07-09,2456117.453,38.453,V,11.15999984741211,0.0099999997764825,AAVSO,
2012-07-09,2456117.626,38.626,H,6.840000152587891,0.0,Walters,SMARTS
2012-07-09,2456117.626,38.626,I,8.84000015258789,0.0,Walters,SMARTS
2012-07-09,2456117.626,38.626,J,7.389999866485596,0.0099999997764825,Walters,SMARTS
2012-07-09,2456117.626,38.626,K,6.630000114440918,0.0,Walters,SMARTS
2012-07-09,2456117.627,38.627,B,12.65999984741211,0.0,Walters,SMARTS
2012-07-09,2456117.628,38.628,V,11.369999885559082,0.0,Walters,SMARTS
2012-07-09,2456117.629,38.629,R,9.84000015258789,0.0,Walters,SMARTS
2012-07-09,2456117.779,38.779,V,11.3100004196167,0.0199999995529651,AAVSO,
2012-07-10,2456118.051,39.051,V,11.350000381469728,0.0299999993294477,AAVSO,
2012-07-10,2456118.052,39.052,V,11.350000381469728,0.0299999993294477,AAVSO,
2012-07-10,2456118.445,39.445,V,11.31999969482422,0.0099999997764825,AAVSO,
2012-07-10,2456118.447,39.447,V,11.329999923706056,0.0,AAVSO,
2012-07-10,2456118.449,39.449,V,11.329999923706056,0.0099999997764825,AAVSO,
2012-07-10,2456118.451,39.451,V,11.369999885559082,0.0099999997764825,AAVSO,
2012-07-10,2456118.454,39.454,V,11.350000381469728,0.0199999995529651,AAVSO,
2012-07-10,2456118.456,39.456,V,11.359999656677246,0.0099999997764825,AAVSO,
2012-07-10,2456118.774,39.774,V,11.380000114440918,0.0299999993294477,AAVSO,
2012-07-11,2456119.772,40.772,V,11.489999771118164,0.0399999991059303,AAVSO,
2012-07-11,2456119.773,40.773,B,12.68000030517578,0.050000000745058,AAVSO,
2012-07-12,2456120.424,41.424,V,11.489999771118164,0.0099999997764825,AAVSO,
2012-07-12,2456120.428,41.428,V,11.489999771118164,0.0099999997764825,AAVSO,
2012-07-12,2456120.43,41.43,V,11.489999771118164,0.0199999995529651,AAVSO,
2012-07-12,2456120.431,41.431,V,11.479999542236328,0.0,AAVSO,
2012-07-12,2456120.433,41.433,V,11.489999771118164,0.0099999997764825,AAVSO,
2012-07-12,2456120.435,41.435,V,11.470000267028809,0.0099999997764825,AAVSO,
2012-07-12,2456120.437,41.437,V,11.470000267028809,0.0,AAVSO,
2012-07-12,2456120.772,41.772,V,11.670000076293944,0.0299999993294477,AAVSO,
2012-07-13,2456121.707,42.707,H,6.380000114440918,0.0,Walters,SMARTS
2012-07-13,2456121.707,42.707,I,9.220000267028809,0.0,Walters,SMARTS
2012-07-13,2456121.707,42.707,J,7.25,0.0099999997764825,Walters,SMARTS
2012-07-13,2456121.707,42.707,K,5.369999885559082,0.0,Walters,SMARTS
2012-07-13,2456121.708,42.708,B,13.050000190734863,0.0,Walters,SMARTS
2012-07-13,2456121.709,42.709,V,11.800000190734863,0.0,Walters,SMARTS
2012-07-13,2456121.709,42.709,R,10.199999809265137,0.0,Walters,SMARTS
2012-07-14,2456122.45,43.45,V,11.729999542236328,0.0099999997764825,AAVSO,
2012-07-14,2456122.454,43.454,V,11.720000267028809,0.0099999997764825,AAVSO,
2012-07-14,2456122.457,43.457,V,11.739999771118164,0.0199999995529651,AAVSO,
2012-07-14,2456122.46,43.46,V,11.720000267028809,0.0099999997764825,AAVSO,
2012-07-14,2456122.463,43.463,V,11.720000267028809,0.0099999997764825,AAVSO,
2012-07-14,2456122.466,43.466,V,11.739999771118164,0.0099999997764825,AAVSO,
2012-07-14,2456122.764,43.764,V,11.979999542236328,0.0199999995529651,AAVSO,
2012-07-15,2456123.762,44.762,B,13.600000381469728,0.1000000014901161,AAVSO,
2012-07-15,2456123.763,44.763,V,12.119999885559082,0.0399999991059303,AAVSO,
2012-07-16,2456124.428,45.428,V,12.130000114440918,0.0099999997764825,AAVSO,
2012-07-16,2456124.431,45.431,V,12.130000114440918,0.0,AAVSO,
2012-07-16,2456124.433,45.433,V,12.130000114440918,0.0099999997764825,AAVSO,
2012-07-16,2456124.435,45.435,V,12.119999885559082,0.0099999997764825,AAVSO,
2012-07-16,2456124.437,45.437,V,12.109999656677246,0.0099999997764825,AAVSO,
2012-07-16,2456124.44,45.44,V,12.109999656677246,0.0099999997764825,AAVSO,
2012-07-17,2456125.638,46.638,H,5.900000095367432,0.0,Walters,SMARTS
2012-07-17,2456125.638,46.638,I,9.65999984741211,0.0,Walters,SMARTS
2012-07-17,2456125.638,46.638,J,7.239999771118164,0.0099999997764825,Walters,SMARTS
2012-07-17,2456125.638,46.638,K,4.699999809265137,0.0,Walters,SMARTS
2012-07-17,2456125.639,46.639,B,13.789999961853027,0.0,Walters,SMARTS
2012-07-17,2456125.64,46.64,V,12.520000457763672,0.0,Walters,SMARTS
2012-07-17,2456125.64,46.64,R,10.699999809265137,0.0,Walters,SMARTS
2012-07-17,2456125.769,46.769,V,12.520000457763672,0.0399999991059303,AAVSO,
2012-07-18,2456126.42,47.42,V,12.550000190734863,0.0099999997764825,AAVSO,
2012-07-18,2456126.422,47.422,V,12.550000190734863,0.0099999997764825,AAVSO,
2012-07-18,2456126.424,47.424,V,12.529999732971191,0.0199999995529651,AAVSO,
2012-07-18,2456126.426,47.426,V,12.539999961853027,0.0199999995529651,AAVSO,
2012-07-18,2456126.428,47.428,V,12.529999732971191,0.0199999995529651,AAVSO,
2012-07-18,2456126.43,47.43,V,12.529999732971191,0.0299999993294477,AAVSO,
2012-07-18,2456126.755,47.755,V,12.720000267028809,0.0299999993294477,AAVSO,
2012-07-20,2456128.411,49.411,V,13.0600004196167,0.0299999993294477,AAVSO,
2012-07-20,2456128.413,49.413,V,13.050000190734863,0.0,AAVSO,
2012-07-20,2456128.416,49.416,V,13.079999923706056,0.0399999991059303,AAVSO,
2012-07-20,2456128.418,49.418,V,13.09000015258789,0.0399999991059303,AAVSO,
2012-07-20,2456128.42,49.42,V,13.079999923706056,0.0399999991059303,AAVSO,
2012-07-20,2456128.422,49.422,V,13.079999923706056,0.0099999997764825,AAVSO,
2012-07-20,2456128.644,49.644,H,5.960000038146973,0.0,Walters,SMARTS
2012-07-20,2456128.644,49.644,I,10.149999618530272,0.0,Walters,SMARTS
2012-07-20,2456128.644,49.644,J,7.630000114440918,0.0099999997764825,Walters,SMARTS
2012-07-20,2456128.645,49.645,K,4.670000076293945,0.0,Walters,SMARTS
2012-07-20,2456128.645,49.645,B,14.510000228881836,0.0099999997764825,Walters,SMARTS
2012-07-20,2456128.646,49.646,V,13.270000457763672,0.0099999997764825,Walters,SMARTS
2012-07-20,2456128.647,49.647,R,11.229999542236328,0.0,Walters,SMARTS
2012-07-20,2456128.724,49.724,V,13.229999542236328,0.0099999997764825,AAVSO,
2012-07-20,2456128.74,49.74,B,14.460000038146973,0.0900000035762786,AAVSO,
2012-07-21,2456129.746,50.746,V,13.520000457763672,0.0599999986588954,AAVSO,
2012-07-22,2456130.742,51.742,B,15.039999961853027,0.1000000014901161,AAVSO,
2012-07-22,2456130.746,51.746,V,13.989999771118164,0.0399999991059303,AAVSO,
2012-07-23,2456131.583,52.583,H,6.349999904632568,0.0,Walters,SMARTS
2012-07-23,2456131.583,52.583,I,11.119999885559082,0.0,Walters,SMARTS
2012-07-23,2456131.583,52.583,J,8.329999923706055,0.0099999997764825,Walters,SMARTS
2012-07-23,2456131.583,52.583,K,5.110000133514404,0.0,Walters,SMARTS
2012-07-23,2456131.583,52.583,B,15.640000343322754,0.0099999997764825,Walters,SMARTS
2012-07-23,2456131.584,52.584,V,14.520000457763672,0.0099999997764825,Walters,SMARTS
2012-07-23,2456131.585,52.585,R,12.229999542236328,0.0,Walters,SMARTS
2012-07-24,2456132.409,53.409,V,14.65999984741211,0.0399999991059303,AAVSO,
2012-07-24,2456132.411,53.411,V,14.640000343322754,0.0099999997764825,AAVSO,
2012-07-24,2456132.413,53.413,V,14.649999618530272,0.050000000745058,AAVSO,
2012-07-24,2456132.416,53.416,V,14.649999618530272,0.0199999995529651,AAVSO,
2012-07-24,2456132.418,53.418,V,14.65999984741211,0.0599999986588954,AAVSO,
2012-07-24,2456132.971,53.971,V,14.1899995803833,0.0900000035762786,AAVSO,
2012-07-31,2456139.707,60.707,H,7.78000020980835,0.0099999997764825,Walters,SMARTS
2012-07-31,2456139.707,60.707,I,15.170000076293944,0.0299999993294477,Walters,SMARTS
2012-07-31,2456139.707,60.707,J,10.479999542236328,0.0299999993294477,Walters,SMARTS
2012-07-31,2456139.707,60.707,K,5.480000019073486,0.0,Walters,SMARTS
2012-07-31,2456139.708,60.708,B,20.489999771118164,0.9200000166893004,Walters,SMARTS
2012-07-31,2456139.709,60.709,V,18.5,0.550000011920929,Walters,SMARTS
2012-07-31,2456139.709,60.709,R,16.559999465942383,0.1199999973177909,Walters,SMARTS
2012-08-01,2456140.701,61.701,H,7.949999809265137,0.0099999997764825,Walters,SMARTS
2012-08-01,2456140.701,61.701,I,15.899999618530272,0.050000000745058,Walters,SMARTS
2012-08-01,2456140.701,61.701,J,10.779999732971191,0.0299999993294477,Walters,SMARTS
2012-08-01,2456140.701,61.701,K,5.650000095367432,0.0,Walters,SMARTS
2012-08-01,2456140.702,61.702,B,25.059999465942383,4.869999885559082,Walters,SMARTS
2012-08-01,2456140.703,61.703,V,19.739999771118164,0.9100000262260436,Walters,SMARTS
2012-08-01,2456140.703,61.703,R,17.020000457763672,0.1500000059604644,Walters,SMARTS
2012-08-06,2456145.594,66.594,H,9.039999961853027,0.0099999997764825,Walters,SMARTS
2012-08-06,2456145.594,66.594,I,18.729999542236328,0.6499999761581421,Walters,SMARTS
2012-08-06,2456145.595,66.595,J,12.1899995803833,0.0599999986588954,Walters,SMARTS
2012-08-06,2456145.595,66.595,K,6.349999904632568,0.0099999997764825,Walters,SMARTS
2012-08-06,2456145.595,66.595,B,24.93000030517578,4.019999980926514,Walters,SMARTS
2012-08-06,2456145.596,66.596,V,24.0,3.9800000190734863,Walters,SMARTS
2012-08-06,2456145.597,66.597,R,23.520000457763672,4.090000152587891,Walters,SMARTS
2012-08-15,2456154.596,75.596,H,11.18000030517578,0.0299999993294477,Walters,SMARTS
2012-08-15,2456154.596,75.596,I,23.90999984741211,4.28000020980835,Walters,SMARTS
2012-08-15,2456154.596,75.596,J,15.989999771118164,0.1899999976158142,Walters,SMARTS
2012-08-15,2456154.596,75.596,K,7.829999923706055,0.0099999997764825,Walters,SMARTS
2012-08-15,2456154.596,75.596,B,25.13999938964844,3.9700000286102295,Walters,SMARTS
2012-08-15,2456154.597,75.597,V,20.5,0.8799999952316284,Walters,SMARTS
2012-08-15,2456154.598,75.598,R,21.13999938964844,1.649999976158142,Walters,SMARTS
2012-08-22,2456161.556,82.556,H,12.130000114440918,0.0399999991059303,Walters,SMARTS
2012-08-22,2456161.556,82.556,I,23.8700008392334,4.21999979019165,Walters,SMARTS
2012-08-22,2456161.556,82.556,J,21.0,3.859999895095825,Walters,SMARTS
2012-08-22,2456161.556,82.556,K,8.3100004196167,0.0099999997764825,Walters,SMARTS
2012-08-22,2456161.556,82.556,B,25.1299991607666,3.990000009536743,Walters,SMARTS
2012-08-22,2456161.557,82.557,V,23.979999542236328,3.940000057220459,Walters,SMARTS
2012-08-22,2456161.558,82.558,R,23.729999542236328,4.03000020980835,Walters,SMARTS
2012-08-29,2456168.597,89.597,H,12.390000343322754,0.050000000745058,Walters,SMARTS
2012-08-29,2456168.597,89.597,I,23.36000061035156,4.980000019073486,Walters,SMARTS
2012-08-29,2456168.597,89.597,J,17.399999618530273,0.5400000214576721,Walters,SMARTS
2012-08-29,2456168.598,89.598,K,8.550000190734863,0.0099999997764825,Walters,SMARTS
2012-08-29,2456168.598,89.598,B,24.81999969482422,4.75,Walters,SMARTS
2012-08-29,2456168.599,89.599,V,19.329999923706055,0.7900000214576721,Walters,SMARTS
2012-08-29,2456168.6,89.6,R,23.61000061035156,4.460000038146973,Walters,SMARTS
2012-09-05,2456175.565,96.565,I,17.65999984741211,0.209999993443489,Walters,SMARTS
2012-09-05,2456175.565,96.565,B,24.959999084472656,3.9700000286102295,Walters,SMARTS
2012-09-05,2456175.566,96.566,V,23.81999969482422,3.9700000286102295,Walters,SMARTS
2012-09-05,2456175.567,96.567,R,18.11000061035156,0.3400000035762787,Walters,SMARTS
2012-09-10,2456180.934,101.934,V,19.15999984741211,0.4000000059604645,AAVSO,
2012-09-10,2456180.935,101.935,V,19.190000534057617,0.4300000071525574,AAVSO,
2012-09-12,2456182.616,103.616,H,11.18000030517578,0.0299999993294477,Walters,SMARTS
2012-09-12,2456182.616,103.616,I,16.5,0.0700000002980232,Walters,SMARTS
2012-09-12,2456182.616,103.616,J,13.720000267028809,0.1099999994039535,Walters,SMARTS
2012-09-12,2456182.616,103.616,K,7.960000038146973,0.0099999997764825,Walters,SMARTS
2012-09-12,2456182.617,103.617,B,24.979999542236328,3.9800000190734863,Walters,SMARTS
2012-09-12,2456182.618,103.618,V,23.93000030517578,3.9700000286102295,Walters,SMARTS
2012-09-12,2456182.618,103.618,R,17.270000457763672,0.1299999952316284,Walters,SMARTS
2012-09-26,2456196.563,117.563,H,10.609999656677246,0.0199999995529651,Walters,SMARTS
2012-09-26,2456196.563,117.563,I,15.800000190734863,0.0399999991059303,Walters,SMARTS
2012-09-26,2456196.564,117.564,J,12.960000038146973,0.0799999982118606,Walters,SMARTS
2012-09-26,2456196.564,117.564,K,7.630000114440918,0.0099999997764825,Walters,SMARTS
2012-09-26,2456196.564,117.564,B,20.899999618530273,0.9300000071525574,Walters,SMARTS
2012-09-26,2456196.565,117.565,V,19.25,0.8199999928474426,Walters,SMARTS
2012-09-26,2456196.566,117.566,R,16.440000534057617,0.0700000002980232,Walters,SMARTS
2012-09-26,2456196.918,117.918,V,18.079999923706055,0.270000010728836,AAVSO,
2012-09-26,2456196.92,117.92,V,17.850000381469727,0.2199999988079071,AAVSO,
2012-10-03,2456203.534,124.534,H,10.539999961853027,0.0199999995529651,Walters,SMARTS
2012-10-03,2456203.534,124.534,I,15.65999984741211,0.0399999991059303,Walters,SMARTS
2012-10-03,2456203.534,124.534,J,12.960000038146973,0.1000000014901161,Walters,SMARTS
2012-10-03,2456203.534,124.534,K,7.71999979019165,0.0099999997764825,Walters,SMARTS
2012-10-03,2456203.535,124.535,B,19.729999542236328,0.4000000059604645,Walters,SMARTS
2012-10-03,2456203.535,124.535,V,19.81999969482422,0.7599999904632568,Walters,SMARTS
2012-10-03,2456203.536,124.536,R,16.030000686645508,0.050000000745058,Walters,SMARTS
2013-07-07,2456480.668,401.668,V,16.469999313354492,0.1700000017881393,AAVSO,
2013-07-07,2456480.671,401.671,V,15.8100004196167,0.2000000029802322,AAVSO,
2013-07-07,2456480.674,401.674,V,16.540000915527344,0.270000010728836,AAVSO,
2013-07-07,2456480.677,401.677,V,16.389999389648438,0.2300000041723251,AAVSO,
2013-07-07,2456480.679,401.679,V,16.479999542236328,0.25,AAVSO,
2013-07-07,2456480.682,401.682,V,16.389999389648438,0.2199999988079071,AAVSO,
2013-07-07,2456480.685,401.685,V,16.6200008392334,0.3899999856948852,AAVSO,
2013-07-07,2456480.688,401.688,V,16.559999465942383,0.3899999856948852,AAVSO,
2013-07-07,2456480.691,401.691,V,16.6200008392334,0.3899999856948852,AAVSO,
2013-07-07,2456480.693,401.693,V,16.469999313354492,0.3300000131130218,AAVSO,
2013-07-07,2456480.696,401.696,V,16.549999237060547,0.3600000143051147,AAVSO,
2013-07-07,2456480.699,401.699,V,16.360000610351562,0.3400000035762787,AAVSO,
2013-07-07,2456480.702,401.702,V,17.0,0.6700000166893005,AAVSO,
2013-07-07,2456480.705,401.705,V,16.540000915527344,0.3700000047683716,AAVSO,
2013-07-07,2456480.708,401.708,V,16.530000686645508,0.4099999964237213,AAVSO,
2013-07-07,2456480.71,401.71,V,16.459999084472656,0.3300000131130218,AAVSO,
2013-07-07,2456480.713,401.713,V,16.670000076293945,0.3899999856948852,AAVSO,
2013-07-07,2456480.716,401.716,V,17.010000228881836,0.5899999737739563,AAVSO,
2013-07-07,2456480.719,401.719,V,16.549999237060547,0.3799999952316284,AAVSO,
2013-07-07,2456480.721,401.721,V,16.440000534057617,0.3000000119209289,AAVSO,
2013-07-07,2456480.724,401.724,V,16.65999984741211,0.3600000143051147,AAVSO,
2013-07-07,2456480.727,401.727,V,16.780000686645508,0.4199999868869781,AAVSO,
2013-07-18,2456491.06,412.06,V,18.040000915527344,0.1500000059604644,AAVSO,
2013-08-20,2456524.949,445.949,V,17.90999984741211,0.0700000002980232,AAVSO,
2012-06-22,2456100.5,21.0,UVM2,20.799999237060547,0.0700000002980232,Swift,
2012-06-27,2456105.5,25.0,UVM2,20.719999313354492,0.0700000002980232,Swift,
2012-06-28,2456105.5,25.0,UVM2,20.719999313354492,0.0700000002980232,Swift,
2012-07-04,2456112.5,30.0,UVM2,20.43000030517578,0.0599999986588954,Swift,
2012-07-10,2456118.5,35.0,UVM2,20.61000061035156,0.0700000002980232,Swift,
2012-07-13,2456121.5,37.0,UVM2,20.86000061035156,0.0799999982118606,Swift,
